symptoms,disease
headache fever weakness,Flu
fever fatigue dry cough,Flu
high fever body ache chills,Flu
fever fatigue dry cough,Flu
fever fatigue dry cough,Flu
fever cough headache fatigue,Flu
fever fatigue dry cough,Flu
headache fever weakness,Flu
cough sore throat mild fever,Flu
fever cough headache fatigue,Flu
headache fever weakness,Flu
high fever body ache chills,Flu
headache fever weakness,Flu
cough sore throat mild fever,Flu
high fever body ache chills,Flu
cough sore throat mild fever,Flu
headache fever weakness,Flu
headache fever weakness,Flu
fever fatigue dry cough,Flu
cough sore throat mild fever,Flu
blocked nose sneezing throat irritation,Common Cold
mild cough headache cold,Common Cold
sneezing runny nose mild cough,Common Cold
sneezing runny nose mild cough,Common Cold
blocked nose sneezing throat irritation,Common Cold
blocked nose sneezing throat irritation,Common Cold
runny nose congestion sneezing,Common Cold
cold cough sore throat,Common Cold
runny nose congestion sneezing,Common Cold
mild cough headache cold,Common Cold
sneezing runny nose mild cough,Common Cold
mild cough headache cold,Common Cold
runny nose congestion sneezing,Common Cold
blocked nose sneezing throat irritation,Common Cold
mild cough headache cold,Common Cold
runny nose congestion sneezing,Common Cold
runny nose congestion sneezing,Common Cold
mild cough headache cold,Common Cold
runny nose congestion sneezing,Common Cold
cold cough sore throat,Common Cold
severe headache nausea sensitivity to light,Migraine
severe headache nausea sensitivity to light,Migraine
severe headache nausea sensitivity to light,Migraine
severe headache nausea sensitivity to light,Migraine
intense headache light sensitivity nausea,Migraine
one sided headache nausea,Migraine
throbbing headache vomiting,Migraine
headache blurred vision sensitivity,Migraine
throbbing headache vomiting,Migraine
intense headache light sensitivity nausea,Migraine
headache blurred vision sensitivity,Migraine
throbbing headache vomiting,Migraine
one sided headache nausea,Migraine
severe headache nausea sensitivity to light,Migraine
intense headache light sensitivity nausea,Migraine
throbbing headache vomiting,Migraine
one sided headache nausea,Migraine
throbbing headache vomiting,Migraine
headache blurred vision sensitivity,Migraine
one sided headache nausea,Migraine
increased hunger weight loss fatigue,Diabetes
increased hunger weight loss fatigue,Diabetes
high blood sugar frequent urination,Diabetes
high blood sugar frequent urination,Diabetes
frequent urination excessive thirst fatigue,Diabetes
increased hunger weight loss fatigue,Diabetes
increased hunger weight loss fatigue,Diabetes
high blood sugar frequent urination,Diabetes
frequent urination excessive thirst fatigue,Diabetes
thirst fatigue blurred vision,Diabetes
increased hunger weight loss fatigue,Diabetes
high blood sugar frequent urination,Diabetes
frequent urination excessive thirst fatigue,Diabetes
frequent urination excessive thirst fatigue,Diabetes
frequent urination excessive thirst fatigue,Diabetes
slow healing wounds high sugar,Diabetes
frequent urination excessive thirst fatigue,Diabetes
increased hunger weight loss fatigue,Diabetes
high blood sugar frequent urination,Diabetes
slow healing wounds high sugar,Diabetes
stomach pain nausea weakness,Food Poisoning
diarrhea fever dehydration,Food Poisoning
vomiting loose motion abdominal cramps,Food Poisoning
vomiting loose motion abdominal cramps,Food Poisoning
nausea vomiting stomach cramps,Food Poisoning
nausea vomiting stomach cramps,Food Poisoning
diarrhea fever dehydration,Food Poisoning
stomach pain nausea weakness,Food Poisoning
diarrhea fever dehydration,Food Poisoning
nausea vomiting stomach cramps,Food Poisoning
stomach pain nausea weakness,Food Poisoning
stomach pain nausea weakness,Food Poisoning
nausea vomiting stomach cramps,Food Poisoning
nausea vomiting stomach cramps,Food Poisoning
stomach pain nausea weakness,Food Poisoning
nausea vomiting stomach cramps,Food Poisoning
abdominal pain diarrhea vomiting,Food Poisoning
vomiting loose motion abdominal cramps,Food Poisoning
stomach pain nausea weakness,Food Poisoning
stomach pain nausea weakness,Food Poisoning
